INSERT INTO especies (nombre_cientifico, nombre_comun, descripcion) VALUES
('Coffea arabica', 'Arábica', 'Especie de café predominante en Colombia, conocida por su suavidad y alta calidad en taza.'),
('Coffea canephora', 'Robusta', 'Especie de café con mayor resistencia a plagas y climas cálidos, utilizada comúnmente en mezclas y café soluble.');

INSERT INTO paises (nombre) VALUES
('Costa de Marfil'),
('Camerún'),
('Tanzania'),
('República Democrática del Congo'),
('Madagascar'),
('Papúa Nueva Guinea'),
('Laos'),
('Myanmar'),
('Sri Lanka'),
('Guinea'),
('República Centroafricana'),
('Angola'),
('Benín'),
('Burundi'),
('Etiopía'),
('Kenia'),
('Malawi'),
('Ruanda'),
('Zambia'),
('Zimbabue'),
('Colombia'),
('Indonesia'),
('Brasil'),
('México'),
('Uganda'),
('Vietnam'),
('India'),
('Tailandia'),
('Filipinas'),
('Nicaragua');

INSERT INTO variedades (id_especie, nombre, tipo_portes, tipo_variedad, grupo_genetico, linea_genetica, anio_primer_produccion, descripcion) VALUES
(1, 'Típica', 'Alto', 'Otra', 'Desconocido', NULL, NULL, 'Variedad tradicional con cogollo bronceado o rojizo, susceptible a la roya, grano grande.'),
(1, 'Borbón', 'Alto', 'Otra', 'Desconocido', NULL, NULL, 'Cogollo verde claro, mayor número de ramas que Típica, susceptible a la roya.'),
(1, 'Maragogipe', 'Alto', 'Otra', 'Desconocido', NULL, NULL, 'Grano muy grande, porte alto, baja densidad de siembra.'),
(1, 'Tabi', 'Alto', 'Otra', 'Desconocido', 'Cruce entre Híbrido de Timor, Típica y Borbón', NULL, 'Grano grande, resistente a la roya, ideal para cafés especiales.'),
(1, 'Caturra', 'Bajo', 'Otra', 'Desconocido', NULL, NULL, 'Cogollo verde claro, hojas redondas, susceptible a la roya.'),
(1, 'Variedad Colombia', 'Bajo', 'Otra', 'Desconocido', 'Cruce entre Caturra y material resistente a roya', NULL, 'Porte bajo, cogollo bronceado, resistente a la roya.'),
(2, 'BP 534', 'Alto', 'Clone', 'Congo group', 'Selección individual etiqueta 6 de población Congolensis', 2, 'Adecuada para agroforestería, internodos cortos, línea blanca en cereza verde, susceptible a Pratylenchus coffeae.'),
(2, 'BP 936', 'Alto', 'Clone', 'Congo group', 'SA 164-11 x BP 42', 2, 'Adaptabilidad amplia, óptima en climas húmedos, susceptible a Pratylenchus coffeae.'),
(2, 'BP 939', 'Alto', 'Clone', 'Congo group', 'BP 42 x SA 1366', 2, 'Adaptabilidad amplia, óptima en climas secos, susceptible a Pratylenchus coffeae.'),
(2, 'BRS 1216', 'Bajo', 'Clone', 'Guinea x Congo group', 'Robusta 1675 x Encapa 03', 2, 'Alta productividad en Amazonia Occidental, adecuada para cosecha mecanizada, resistente a roya y nematodos. (EMBRAPA).'),
(2, 'BP 409', 'Alto', 'Clone', 'Congo group', 'Selección de BP 42', NULL, 'Adaptable a diferentes condiciones climáticas, grano grande, resistente a la roya, susceptible a nematodos.'),
(2, 'BP 961', 'Alto', 'Clone', 'Congo group', 'Híbrido BP 409 x SA 164-11', NULL, 'Alta productividad, tolerante a sequías, susceptible a nematodos.'),
(2, 'BP 965', 'Alto', 'Clone', 'Congo group', 'Cruce BP 961 x BP 409', NULL, 'Alta calidad de taza para robusta, resistente a la roya, susceptible a nematodos.'),
(2, 'BP 404', 'Alto', 'Clone', 'Congo group', 'Selección del material BP 42', NULL, 'Porte alto, resistente a la roya, grano grande.'),
(2, 'BP 110', 'Alto', 'Clone', 'Congo group', 'Selección en campo del Congo', NULL, 'Resistente a la roya, susceptible a nematodos, rendimiento estable.'),
(2, 'BP 800', 'Alto', 'Clone', 'Congo group', 'Híbrido BP 110 x BP 42', NULL, 'Grano grande, resistente a la roya, adaptado a zonas húmedas.'),
(2, 'BP 809', 'Alto', 'Clone', 'Congo group', 'Cruce BP 800 x BP 110', NULL, 'Resistente a la roya, alta productividad, susceptible a nematodos.'),
(2, 'BP 432', 'Alto', 'Clone', 'Congo group', 'Selección BP 42', NULL, 'Rendimiento moderado, resistente a la roya, susceptible a nematodos.'),
(2, 'BP 507', 'Alto', 'Clone', 'Congo group', 'Selección BP 42', NULL, 'Alta productividad, resistente a la roya, adaptada a suelos arenosos.'),
(2, 'BP 703', 'Alto', 'Clone', 'Congo group', 'Híbrido BP 507 x BP 42', NULL, 'Resistente a la roya, alta productividad en zonas secas.'),
(2, 'BP 702', 'Alto', 'Clone', 'Congo group', 'Híbrido BP 507 x BP 42', NULL, 'Productividad estable, resistente a la roya, susceptible a nematodos.'),
(2, 'BP 961A', 'Alto', 'Clone', 'Congo group', 'Variante de BP 961', NULL, 'Similar a BP 961 pero con mejor adaptación a zonas húmedas.'),
(2, 'BP 930', 'Alto', 'Clone', 'Congo group', 'Híbrido BP 409 x BP 42', NULL, 'Resistente a la roya, buena calidad de taza para robusta.'),
(2, 'BP 933', 'Alto', 'Clone', 'Congo group', 'Híbrido BP 930 x BP 42', NULL, 'Alta productividad, resistente a la roya, susceptible a nematodos.'),
(2, 'BP 936A', 'Alto', 'Clone', 'Congo group', 'Variante de BP 936', NULL, 'Similar a BP 936 pero con mejor resistencia a plagas.'),
(2, 'BP 937', 'Alto', 'Clone', 'Congo group', 'Selección BP 936', NULL, 'Resistente a la roya, productividad moderada.'),
(2, 'BP 938', 'Alto', 'Clone', 'Congo group', 'Selección BP 936', NULL, 'Resistente a la roya, adaptada a zonas húmedas.'),
(2, 'BP 944', 'Alto', 'Clone', 'Congo group', 'Selección BP 936', NULL, 'Productividad estable, resistente a la roya.'),
(2, 'BP 953', 'Alto', 'Clone', 'Congo group', 'Selección BP 936', NULL, 'Resistente a la roya, adaptada a climas cálidos.'),
(2, 'BP 959', 'Alto', 'Clone', 'Congo group', 'Selección BP 936', NULL, 'Alta productividad, resistente a la roya, susceptible a nematodos.');

INSERT INTO sinonimos_variedades (id_variedad, nombre_sinonimo) VALUES
(1, 'Pajarito'),
(1, 'Nacional'),
(1, 'Arábigo');

INSERT INTO paises_liberacion (id_variedad, id_pais) VALUES
(7, 22),
(8, 22),
(9, 22),
(10, 23),
(11, 22),
(12, 22),
(13, 22),
(14, 22),
(15, 22),
(16, 22),
(17, 22),
(18, 22),
(19, 22),
(20, 22),
(21, 22),
(22, 22),
(23, 22),
(24, 22),
(25, 22),
(26, 22),
(27, 22),
(28, 22),
(29, 22),
(30, 22);

INSERT INTO caracteristicas_agronomicas (id_variedad, rendimiento_min_kg_ha, rendimiento_max_kg_ha, contenido_mucilago, tamano_grano, resistencia_roya, resistencia_cbd, resistencia_nematodo, resistencia_broca, resistencia_shoot_hole_borer, altura_planta, requerimiento_nutricional, maduracion_fruto, rendimiento_cereza_a_verde, densidad_siembra_min, densidad_siembra_max, color_cogollo, notas_adicionales) VALUES
(1, 1800, 1800, 'Desconocido', 'Grande', 'Susceptible', 'Desconocido', 'Desconocido', 'Desconocido', 'Desconocido', 'Alta', 'Desconocido', 'Desconocido', NULL, 2500, 2500, 'Bronce', NULL),
(2, 2400, 2400, 'Desconocido', 'Grande', 'Susceptible', 'Desconocido', 'Desconocido', 'Desconocido', 'Desconocido', 'Alta', 'Desconocido', 'Desconocido', NULL, 2500, 2500, 'Verde', NULL),
(3, NULL, NULL, 'Desconocido', 'Muy grande', 'Susceptible', 'Desconocido', 'Desconocido', 'Desconocido', 'Desconocido', 'Alta', 'Desconocido', 'Desconocido', NULL, 2500, 2500, 'Verde', NULL),
(4, NULL, NULL, 'Desconocido', 'Grande', 'Resistente', 'Desconocido', 'Desconocido', 'Desconocido', 'Desconocido', 'Alta', 'Desconocido', 'Desconocido', NULL, 3000, 3000, 'Verde o Bronce', NULL),
(5, NULL, NULL, 'Desconocido', 'Grande', 'Susceptible', 'Desconocido', 'Desconocido', 'Desconocido', 'Desconocido', 'Enana/Compacta', 'Desconocido', 'Desconocido', NULL, 10000, 10000, 'Verde', NULL),
(6, NULL, NULL, 'Desconocido', 'Grande', 'Resistente', 'Desconocido', 'Desconocido', 'Desconocido', 'Desconocido', 'Enana/Compacta', 'Desconocido', 'Desconocido', NULL, 10000, 10000, 'Bronce', NULL),
(7, 1400, 1800, 'Medio', 'Grande', 'Resistente', 'Tolerante', 'Susceptible', 'Susceptible', 'Desconocido', 'Alta', 'Medio', 'Promedio', 21, 1000, 2000, 'Bronce claro', 'Adecuada para agroforestería; internodos cortos; susceptible a Pratylenchus coffeae.'),
(8, 1400, 1900, 'Medio', 'Grande', 'Resistente', 'Tolerante', 'Susceptible', 'Susceptible', 'Desconocido', 'Alta', 'Medio', 'Promedio', 21, 1000, 2000, 'Bronce claro', 'Óptima en climas húmedos; susceptible a Pratylenchus coffeae.'),
(9, 1400, 1900, 'Medio', 'Grande', 'Resistente', 'Tolerante', 'Susceptible', 'Susceptible', 'Desconocido', 'Alta', 'Medio', 'Promedio', 21, 1000, 2000, 'Bronce claro', 'Óptima en climas secos a 400–900 msnm; plantar con otros clones.'),
(10, 7200, 7200, 'Alto', 'Mediano', 'Resistente', 'Desconocido', 'Resistente', 'Susceptible', 'Desconocido', 'Enana/Compacta', 'Alto', 'Promedio', 25, 2000, 3000, 'Bronce claro', 'Alta productividad a pleno sol; estructura apta para cosecha mecanizada.'),
(11, 1400, 1800, 'Medio', 'Grande', 'Resistente', 'Tolerante', 'Susceptible', 'Susceptible', 'Desconocido', 'Alta', 'Medio', 'Promedio', 21, 1000, 2000, 'Bronce claro', 'Adaptable a diferentes condiciones climáticas; susceptible a nematodos.'),
(12, 1400, 1900, 'Medio', 'Grande', 'Resistente', 'Tolerante', 'Susceptible', 'Susceptible', 'Desconocido', 'Alta', 'Medio', 'Promedio', 21, 1000, 2000, 'Bronce claro', 'Alta productividad; tolerante a sequías.'),
(13, 1400, 1900, 'Medio', 'Grande', 'Resistente', 'Tolerante', 'Susceptible', 'Susceptible', 'Desconocido', 'Alta', 'Medio', 'Promedio', 21, 1000, 2000, 'Bronce claro', 'Alta calidad de taza para robusta; resistente a roya.'),
(14, 1400, 1800, 'Medio', 'Grande', 'Resistente', 'Tolerante', 'Susceptible', 'Susceptible', 'Desconocido', 'Alta', 'Medio', 'Promedio', 21, 1000, 2000, 'Bronce claro', 'Porte alto; resistente a roya.'),
(15, 1400, 1800, 'Medio', 'Grande', 'Resistente', 'Tolerante', 'Susceptible', 'Susceptible', 'Desconocido', 'Alta', 'Medio', 'Promedio', 21, 1000, 2000, 'Bronce claro', 'Rendimiento estable; resistente a roya.'),
(16, 1400, 1800, 'Medio', 'Grande', 'Resistente', 'Tolerante', 'Susceptible', 'Susceptible', 'Desconocido', 'Alta', 'Medio', 'Promedio', 21, 1000, 2000, 'Bronce claro', 'Grano grande; resistente a roya; adaptado a zonas húmedas.'),
(17, 1400, 1900, 'Medio', 'Grande', 'Resistente', 'Tolerante', 'Susceptible', 'Susceptible', 'Desconocido', 'Alta', 'Medio', 'Promedio', 21, 1000, 2000, 'Bronce claro', 'Alta productividad; susceptible a nematodos.'),
(18, 1400, 1700, 'Medio', 'Grande', 'Resistente', 'Tolerante', 'Susceptible', 'Susceptible', 'Desconocido', 'Alta', 'Medio', 'Promedio', 21, 1000, 2000, 'Bronce claro', 'Resistente a roya; rendimiento moderado.'),
(19, 1400, 1800, 'Medio', 'Grande', 'Resistente', 'Tolerante', 'Susceptible', 'Susceptible', 'Desconocido', 'Alta', 'Medio', 'Promedio', 21, 1000, 2000, 'Bronce claro', 'Alta productividad; adaptada a suelos arenosos.'),
(20, 1400, 1900, 'Medio', 'Grande', 'Resistente', 'Tolerante', 'Susceptible', 'Susceptible', 'Desconocido', 'Alta', 'Medio', 'Promedio', 21, 1000, 2000, 'Bronce claro', 'Alta productividad en zonas secas.'),
(21, 1400, 1800, 'Medio', 'Grande', 'Resistente', 'Tolerante', 'Susceptible', 'Susceptible', 'Desconocido', 'Alta', 'Medio', 'Promedio', 21, 1000, 2000, 'Bronce claro', 'Productividad estable; resistente a roya.'),
(22, 1400, 1900, 'Medio', 'Grande', 'Resistente', 'Tolerante', 'Susceptible', 'Susceptible', 'Desconocido', 'Alta', 'Medio', 'Promedio', 21, 1000, 2000, 'Bronce claro', 'Similar a BP 961 pero con mejor adaptación a zonas húmedas.'),
(23, 1400, 1800, 'Medio', 'Grande', 'Resistente', 'Tolerante', 'Susceptible', 'Susceptible', 'Desconocido', 'Alta', 'Medio', 'Promedio', 21, 1000, 2000, 'Bronce claro', 'Resistente a roya; buena calidad de taza para robusta.'),
(24, 1400, 1800, 'Medio', 'Grande', 'Resistente', 'Tolerante', 'Susceptible', 'Susceptible', 'Desconocido', 'Alta', 'Medio', 'Promedio', 21, 1000, 2000, 'Bronce claro', 'Alta productividad; resistente a roya.'),
(25, 1400, 1800, 'Medio', 'Grande', 'Resistente', 'Tolerante', 'Susceptible', 'Susceptible', 'Desconocido', 'Alta', 'Medio', 'Promedio', 21, 1000, 2000, 'Bronce claro', 'Similar a BP 936 pero con mejor resistencia a plagas.'),
(26, 1400, 1700, 'Medio', 'Grande', 'Resistente', 'Tolerante', 'Susceptible', 'Susceptible', 'Desconocido', 'Alta', 'Medio', 'Promedio', 21, 1000, 2000, 'Bronce claro', 'Resistente a roya; productividad moderada.'),
(27, 1400, 1700, 'Medio', 'Grande', 'Resistente', 'Tolerante', 'Susceptible', 'Susceptible', 'Desconocido', 'Alta', 'Medio', 'Promedio', 21, 1000, 2000, 'Bronce claro', 'Resistente a roya; adaptada a zonas húmedas.'),
(28, 1400, 1800, 'Medio', 'Grande', 'Resistente', 'Tolerante', 'Susceptible', 'Susceptible', 'Desconocido', 'Alta', 'Medio', 'Promedio', 21, 1000, 2000, 'Bronce claro', 'Productividad estable; resistente a roya.'),
(29, 1400, 1700, 'Medio', 'Grande', 'Resistente', 'Tolerante', 'Susceptible', 'Susceptible', 'Desconocido', 'Alta', 'Medio', 'Promedio', 21, 1000, 2000, 'Bronce claro', 'Resistente a roya; adaptada a climas cálidos.'),
(30, 1400, 1800, 'Medio', 'Grande', 'Resistente', 'Tolerante', 'Susceptible', 'Susceptible', 'Desconocido', 'Alta', 'Medio', 'Promedio', 21, 1000, 2000, 'Bronce claro', 'Alta productividad; resistente a roya.');

INSERT INTO produccion_por_hectarea (id_variedad, densidad_siembra, produccion_arbol_kg, produccion_hectarea_arrobas, porcentaje_grano_supremo, porcentaje_granos_vanos) VALUES
(1, 2500, 0.90, 180, 70, 4),
(2, 2500, 1.20, 240, 46, 4),
(3, 2500, 0.70, 140, 95, 4),
(4, 3000, 0.70, 140, 80, 3.7),
(5, 10000, 0.50, 169, 66, 5),
(6, 10000, 0.50, 400, 80, 5),
(7, 1600, 1.25, 200, 85, 5),
(8, 1600, 1.30, 210, 85, 5),
(9, 1600, 1.30, 210, 85, 5),
(10, 2500, 2.88, 460, 80, 4),
(11, 1600, 1.25, 200, 85, 5),
(12, 1600, 1.30, 210, 85, 5),
(13, 1600, 1.30, 210, 85, 5),
(14, 1600, 1.25, 200, 85, 5),
(15, 1600, 1.25, 200, 85, 5),
(16, 1600, 1.25, 200, 85, 5),
(17, 1600, 1.30, 210, 85, 5),
(18, 1600, 1.20, 190, 85, 5),
(19, 1600, 1.25, 200, 85, 5),
(20, 1600, 1.30, 210, 85, 5),
(21, 1600, 1.25, 200, 85, 5),
(22, 1600, 1.30, 210, 85, 5),
(23, 1600, 1.25, 200, 85, 5),
(24, 1600, 1.25, 200, 85, 5),
(25, 1600, 1.25, 200, 85, 5),
(26, 1600, 1.20, 190, 85, 5),
(27, 1600, 1.20, 190, 85, 5),
(28, 1600, 1.25, 200, 85, 5),
(29, 1600, 1.20, 190, 85, 5),
(30, 1600, 1.25, 200, 85, 5);

INSERT INTO breeders (nombre, institucion, pais) VALUES
('Indonesian Coffee and Cocoa Research Institute (ICCRI)', 'ICCRI', 'Indonesia'),
('Brazilian Agricultural Research Corporation (EMBRAPA)', 'EMBRAPA', 'Brasil');

INSERT INTO breeders_variedad (id_variedad, id_breeder) VALUES
(7, 1),
(8, 1),
(9, 1),
(10, 2);

INSERT INTO atributos_sensoriales (id_variedad, puntaje_sca, atributos) VALUES
(10, 79.0, 'Chocolate, cereales, amaderado');

INSERT INTO atributos_taza (id_variedad, atributo) VALUES
(10, 'Chocolate'),
(10, 'Cereales'),
(10, 'Amaderado');

INSERT INTO atributos_taza (id_variedad, fragancia_aroma, sabor, sabor_residual, acidez, cuerpo, balance, puntaje_global, notas) VALUES
(1, 7.5, 7.5, 7.25, 7.0, 7.0, 7.25, 84.0, 'Dulce, floral, frutal, cuerpo medio, acidez brillante.'),
(2, 7.25, 7.0, 7.0, 6.75, 6.75, 7.0, 82.5, 'Aroma suave, notas a miel, cuerpo ligero, acidez baja.'),
(3, 7.0, 7.0, 6.75, 6.75, 6.5, 6.75, 81.0, 'Notas terrosas, cuerpo ligero, acidez baja, posgusto corto.'),
(4, 7.5, 7.5, 7.25, 7.0, 7.25, 7.25, 84.5, 'Dulce, frutal, floral, cuerpo medio, acidez brillante.'),
(5, NULL, NULL, NULL, NULL, NULL, NULL, NULL, NULL),
(6, NULL, NULL, NULL, NULL, NULL, NULL, NULL, NULL),
(7, 6.5, 6.5, 6.25, 5.0, 7.5, 6.5, 79.0, 'Notas terrosas, cacao, cuerpo alto, acidez baja.'),
(8, 6.5, 6.5, 6.25, 5.0, 7.5, 6.5, 79.0, 'Perfil balanceado, notas a nuez y chocolate, acidez baja.'),
(9, 6.5, 6.5, 6.25, 5.0, 7.5, 6.5, 79.0, 'Cuerpo alto, notas de cacao amargo, acidez suave.'),
(10, 6.75, 6.75, 6.5, 5.25, 7.75, 6.75, 80.0, 'Perfil limpio, chocolate con leche, nuez, acidez baja.'),
(11, 6.5, 6.5, 6.25, 5.0, 7.5, 6.5, 79.0, 'Notas terrosas, cuerpo alto, acidez baja.'),
(12, 6.5, 6.5, 6.25, 5.0, 7.5, 6.5, 79.0, 'Tostado intenso, cuerpo alto, acidez baja.'),
(13, 6.5, 6.5, 6.25, 5.0, 7.5, 6.5, 79.0, 'Notas cacao y madera, acidez baja.'),
(14, 6.5, 6.5, 6.25, 5.0, 7.5, 6.5, 79.0, 'Perfil terroso, chocolate amargo, cuerpo alto.'),
(15, 6.5, 6.5, 6.25, 5.0, 7.5, 6.5, 79.0, 'Cuerpo alto, acidez baja, notas terrosas.'),
(16, 6.5, 6.5, 6.25, 5.0, 7.5, 6.5, 79.0, 'Chocolate negro, acidez suave, cuerpo alto.'),
(17, 6.5, 6.5, 6.25, 5.0, 7.5, 6.5, 79.0, 'Cacao amargo, cuerpo alto, acidez baja.'),
(18, 6.5, 6.5, 6.25, 5.0, 7.5, 6.5, 79.0, 'Notas terrosas, cacao, cuerpo alto.'),
(19, 6.5, 6.5, 6.25, 5.0, 7.5, 6.5, 79.0, 'Perfil tostado, acidez baja, cuerpo alto.'),
(20, 6.5, 6.5, 6.25, 5.0, 7.5, 6.5, 79.0, 'Cuerpo alto, notas terrosas, chocolate.'),
(21, 6.5, 6.5, 6.25, 5.0, 7.5, 6.5, 79.0, 'Notas a cacao, acidez baja, cuerpo alto.'),
(22, 6.5, 6.5, 6.25, 5.0, 7.5, 6.5, 79.0, 'Perfil similar a BP 961 pero más limpio en taza.'),
(23, 6.5, 6.5, 6.25, 5.0, 7.5, 6.5, 79.0, 'Chocolate negro, nuez, acidez baja.'),
(24, 6.5, 6.5, 6.25, 5.0, 7.5, 6.5, 79.0, 'Cuerpo alto, acidez baja, cacao amargo.'),
(25, 6.5, 6.5, 6.25, 5.0, 7.5, 6.5, 79.0, 'Notas tostadas, cuerpo alto, acidez baja.'),
(26, 6.5, 6.5, 6.25, 5.0, 7.5, 6.5, 79.0, 'Notas cacao, acidez baja, cuerpo alto.'),
(27, 6.5, 6.5, 6.25, 5.0, 7.5, 6.5, 79.0, 'Chocolate amargo, acidez baja, cuerpo alto.'),
(28, 6.5, 6.5, 6.25, 5.0, 7.5, 6.5, 79.0, 'Perfil tostado, acidez baja, cuerpo alto.'),
(29, 6.5, 6.5, 6.25, 5.0, 7.5, 6.5, 79.0, 'Notas terrosas, cacao, acidez baja.'),
(30, 6.5, 6.5, 6.25, 5.0, 7.5, 6.5, 79.0, 'Chocolate negro, cuerpo alto, acidez baja.');
